Date,Phone No.
31/1/2021,92642903
31/1/2021,98821539
1/2/2021,97069654
3/2/2021,81908149
3/2/2021,94204388
3/2/2021,82916890
4/2/2021,96845152
4/2/2021,80778499
4/2/2021,94283096
4/2/2021,80581412
5/2/2021,84253298
5/2/2021,98326507
5/2/2021,89682487
5/2/2021,87942888
5/2/2021,89037624
6/2/2021,85856683
7/2/2021,92740964
7/2/2021,89632117
7/2/2021,88761331
8/2/2021,90476342
8/2/2021,85146392
9/2/2021,97604430
9/2/2021,91584716
10/2/2021,88877112
10/2/2021,84525984
10/2/2021,97349095
11/2/2021,94996774
12/2/2021,80897850
12/2/2021,86247112
12/2/2021,95194331
13/2/2021,97601182
13/2/2021,99995219
13/2/2021,82532662
13/2/2021,89300451
