Date,Phone No.
9/2/2021,91584716
9/2/2021,97604430
8/2/2021,85146392
8/2/2021,90476342
7/2/2021,88761331
7/2/2021,89632117
7/2/2021,92740964
13/2/2021,89300451
13/2/2021,82532662
13/2/2021,99995219
13/2/2021,97601182
12/2/2021,95194331
12/2/2021,86247112
12/2/2021,80897850
11/2/2021,94996774
10/2/2021,97349095
10/2/2021,84525984
10/2/2021,88877112
